[
    {
      "index": 1,
      "location": "Alabama",
      "hispanic_or_latino": 322,
      "non_hispanic_american_indian": 8,
      "non_hispanic_asian_non_hispanic_native_hawaiian": "5",
      "non_hispanic_black": 1854,
      "non_hispanic_multiple_race_groups": 302,
      "non_hispanic_white": 3081,
      "total": 5573,
      "total_pop": 4893186,
      "under18": 1092912,
      "total_per_cap": 113.8931,
      "total_per_cap_under18": 509.9221,
      "his_per_cap": 6.5806,
      "his_per_cap_under18": 29.4626,
      "bl_per_cap": 37.8894,
      "bl_cap_under18": 169.6385,
      "wh_per_cap": 62.9651,
      "wh_cap_under18": 281.9074,
      "ai_per_cap": 0.1635,
      "ai_per_cap_under18": 0.732
    },
    {
      "index": 2,
      "location": "Alaska",
      "hispanic_or_latino": 130,
      "non_hispanic_american_indian": 1332,
      "non_hispanic_asian_non_hispanic_native_hawaiian": "101",
      "non_hispanic_black": 77,
      "non_hispanic_multiple_race_groups": 611,
      "non_hispanic_white": 600,
      "total": 2858,
      "total_pop": 736990,
      "under18": 183359,
      "total_per_cap": 387.7936,
      "total_per_cap_under18": 1558.6909,
      "his_per_cap": 17.6393,
      "his_per_cap_under18": 70.8992,
      "bl_per_cap": 10.4479,
      "bl_cap_under18": 41.9941,
      "wh_per_cap": 81.4122,
      "wh_cap_under18": 327.2269,
      "ai_per_cap": 180.7352,
      "ai_per_cap_under18": 726.4438
    },
    {
      "index": 3,
      "location": "Arizona",
      "hispanic_or_latino": 5061,
      "non_hispanic_american_indian": 675,
      "non_hispanic_asian_non_hispanic_native_hawaiian": "44",
      "non_hispanic_black": 1553,
      "non_hispanic_multiple_race_groups": 618,
      "non_hispanic_white": 4500,
      "total": 13597,
      "total_pop": 7174064,
      "under18": 1639645,
      "total_per_cap": 189.53,
      "total_per_cap_under18": 829.2649,
      "his_per_cap": 70.5458,
      "his_per_cap_under18": 308.6644,
      "bl_per_cap": 21.6474,
      "bl_cap_under18": 94.7156,
      "wh_per_cap": 62.726,
      "wh_cap_under18": 274.4497,
      "ai_per_cap": 9.4089,
      "ai_per_cap_under18": 41.1674
    },
    {
      "index": 4,
      "location": "Arkansas",
      "hispanic_or_latino": 286,
      "non_hispanic_american_indian": 2,
      "non_hispanic_asian_non_hispanic_native_hawaiian": "15",
      "non_hispanic_black": 881,
      "non_hispanic_multiple_race_groups": 531,
      "non_hispanic_white": 2555,
      "total": 4280,
      "total_pop": 3011873,
      "under18": 702832,
      "total_per_cap": 142.1043,
      "total_per_cap_under18": 608.9649,
      "his_per_cap": 9.4958,
      "his_per_cap_under18": 40.6925,
      "bl_per_cap": 29.2509,
      "bl_cap_under18": 125.35,
      "wh_per_cap": 84.8309,
      "wh_cap_under18": 363.5293,
      "ai_per_cap": 0.0664,
      "ai_per_cap_under18": 0.2846
    },
    {
      "index": 5,
      "location": "California",
      "hispanic_or_latino": 27618,
      "non_hispanic_american_indian": 351,
      "non_hispanic_asian_non_hispanic_native_hawaiian": "752",
      "non_hispanic_black": 9448,
      "non_hispanic_multiple_race_groups": 2422,
      "non_hispanic_white": 9346,
      "total": 50150,
      "total_pop": 39346023,
      "under18": 8956641,
      "total_per_cap": 127.4589,
      "total_per_cap_under18": 559.9197,
      "his_per_cap": 70.1926,
      "his_per_cap_under18": 308.3522,
      "bl_per_cap": 24.0126,
      "bl_cap_under18": 105.486,
      "wh_per_cap": 23.7534,
      "wh_cap_under18": 104.3472,
      "ai_per_cap": 0.8921,
      "ai_per_cap_under18": 3.9189
    },
    {
      "index": 6,
      "location": "Colorado",
      "hispanic_or_latino": 1789,
      "non_hispanic_american_indian": 34,
      "non_hispanic_asian_non_hispanic_native_hawaiian": "33",
      "non_hispanic_black": 535,
      "non_hispanic_multiple_race_groups": 286,
      "non_hispanic_white": 2070,
      "total": 4804,
      "total_pop": 5684926,
      "under18": 1259031,
      "total_per_cap": 84.5042,
      "total_per_cap_under18": 381.5633,
      "his_per_cap": 31.4692,
      "his_per_cap_under18": 142.0934,
      "bl_per_cap": 9.4109,
      "bl_cap_under18": 42.493,
      "wh_per_cap": 36.4121,
      "wh_cap_under18": 164.4122,
      "ai_per_cap": 0.5981,
      "ai_per_cap_under18": 2.7005
    },
    {
      "index": 7,
      "location": "Connecticut",
      "hispanic_or_latino": 1404,
      "non_hispanic_american_indian": 4,
      "non_hispanic_asian_non_hispanic_native_hawaiian": "14",
      "non_hispanic_black": 972,
      "non_hispanic_multiple_race_groups": 295,
      "non_hispanic_white": 1310,
      "total": 4034,
      "total_pop": 3570549,
      "under18": 735584,
      "total_per_cap": 112.9798,
      "total_per_cap_under18": 548.4078,
      "his_per_cap": 39.3217,
      "his_per_cap_under18": 190.8688,
      "bl_per_cap": 27.2227,
      "bl_cap_under18": 132.1399,
      "wh_per_cap": 36.689,
      "wh_cap_under18": 178.0898,
      "ai_per_cap": 0.112,
      "ai_per_cap_under18": 0.5438
    },
    {
      "index": 8,
      "location": "Delaware",
      "hispanic_or_latino": 59,
      "non_hispanic_american_indian": 1,
      "non_hispanic_asian_non_hispanic_native_hawaiian": "N.R.",
      "non_hispanic_black": 221,
      "non_hispanic_multiple_race_groups": 35,
      "non_hispanic_white": 165,
      "total": 481,
      "total_pop": 967679,
      "under18": 204207,
      "total_per_cap": 49.7066,
      "total_per_cap_under18": 235.5453,
      "his_per_cap": 6.0971,
      "his_per_cap_under18": 28.8923,
      "bl_per_cap": 22.8382,
      "bl_cap_under18": 108.2235,
      "wh_per_cap": 17.0511,
      "wh_cap_under18": 80.8004,
      "ai_per_cap": 0.1033,
      "ai_per_cap_under18": 0.4897
    },
    {
      "index": 9,
      "location": "District of Columbia",
      "hispanic_or_latino": 89,
      "non_hispanic_asian_non_hispanic_native_hawaiian": "2",
      "non_hispanic_black": 466,
      "non_hispanic_multiple_race_groups": 5,
      "non_hispanic_white": 1,
      "total": 564,
      "total_pop": 701974,
      "under18": 126048,
      "total_per_cap": 80.3449,
      "total_per_cap_under18": 447.4486,
      "his_per_cap": 12.6785,
      "his_per_cap_under18": 70.608,
      "bl_per_cap": 66.3842,
      "bl_cap_under18": 369.7004,
      "wh_per_cap": 0.1425,
      "wh_cap_under18": 0.7933
    },
    {
      "index": 10,
      "location": "Florida",
      "hispanic_or_latino": 4004,
      "non_hispanic_american_indian": 33,
      "non_hispanic_asian_non_hispanic_native_hawaiian": "42",
      "non_hispanic_black": 6748,
      "non_hispanic_multiple_race_groups": 1564,
      "non_hispanic_white": 10927,
      "total": 23516,
      "total_pop": 21216924,
      "under18": 4214444,
      "total_per_cap": 110.836,
      "total_per_cap_under18": 557.9858,
      "his_per_cap": 18.8717,
      "his_per_cap_under18": 95.0066,
      "bl_per_cap": 31.8048,
      "bl_cap_under18": 160.116,
      "wh_per_cap": 51.5013,
      "wh_cap_under18": 259.275,
      "ai_per_cap": 0.1555,
      "ai_per_cap_under18": 0.783
    },
    {
      "index": 11,
      "location": "Georgia",
      "hispanic_or_latino": 743,
      "non_hispanic_american_indian": 8,
      "non_hispanic_asian_non_hispanic_native_hawaiian": "32",
      "non_hispanic_black": 4519,
      "non_hispanic_multiple_race_groups": 814,
      "non_hispanic_white": 5253,
      "total": 11370,
      "total_pop": 10516579,
      "under18": 2505314,
      "total_per_cap": 108.115,
      "total_per_cap_under18": 453.8353,
      "his_per_cap": 7.065,
      "his_per_cap_under18": 29.657,
      "bl_per_cap": 42.9702,
      "bl_cap_under18": 180.3766,
      "wh_per_cap": 49.9497,
      "wh_cap_under18": 209.6743,
      "ai_per_cap": 0.0761,
      "ai_per_cap_under18": 0.3193
    },
    {
      "index": 12,
      "location": "Hawaii",
      "hispanic_or_latino": 46,
      "non_hispanic_american_indian": 1,
      "non_hispanic_asian_non_hispanic_native_hawaiian": "547",
      "non_hispanic_black": 14,
      "non_hispanic_multiple_race_groups": 730,
      "non_hispanic_white": 212,
      "total": 1593,
      "total_pop": 1420074,
      "under18": 302247,
      "total_per_cap": 112.1773,
      "total_per_cap_under18": 527.0524,
      "his_per_cap": 3.2393,
      "his_per_cap_under18": 15.2193,
      "bl_per_cap": 0.9859,
      "bl_cap_under18": 4.632,
      "wh_per_cap": 14.9288,
      "wh_cap_under18": 70.1413,
      "ai_per_cap": 0.0704,
      "ai_per_cap_under18": 0.3309
    },
    {
      "index": 13,
      "location": "Idaho",
      "hispanic_or_latino": 257,
      "non_hispanic_american_indian": 26,
      "non_hispanic_asian_non_hispanic_native_hawaiian": "11",
      "non_hispanic_black": 21,
      "non_hispanic_multiple_race_groups": 36,
      "non_hispanic_white": 1082,
      "total": 1530,
      "total_pop": 1754367,
      "under18": 444598,
      "total_per_cap": 87.2109,
      "total_per_cap_under18": 344.1311,
      "his_per_cap": 14.6492,
      "his_per_cap_under18": 57.805,
      "bl_per_cap": 1.197,
      "bl_cap_under18": 4.7234,
      "wh_per_cap": 61.6747,
      "wh_cap_under18": 243.3659,
      "ai_per_cap": 1.482,
      "ai_per_cap_under18": 5.848
    },
    {
      "index": 14,
      "location": "Illinois",
      "hispanic_or_latino": 2141,
      "non_hispanic_american_indian": 17,
      "non_hispanic_asian_non_hispanic_native_hawaiian": "71",
      "non_hispanic_black": 8276,
      "non_hispanic_multiple_race_groups": 795,
      "non_hispanic_white": 9030,
      "total": 20511,
      "total_pop": 12716164,
      "under18": 2855433,
      "total_per_cap": 161.2986,
      "total_per_cap_under18": 718.3149,
      "his_per_cap": 16.8368,
      "his_per_cap_under18": 74.9799,
      "bl_per_cap": 65.0825,
      "bl_cap_under18": 289.8335,
      "wh_per_cap": 71.012,
      "wh_cap_under18": 316.2393,
      "ai_per_cap": 0.1337,
      "ai_per_cap_under18": 0.5954
    },
    {
      "index": 15,
      "location": "Indiana",
      "hispanic_or_latino": 1141,
      "non_hispanic_american_indian": 5,
      "non_hispanic_asian_non_hispanic_native_hawaiian": "38",
      "non_hispanic_black": 2756,
      "non_hispanic_multiple_race_groups": 1455,
      "non_hispanic_white": 9679,
      "total": 15082,
      "total_pop": 6696893,
      "under18": 1571013,
      "total_per_cap": 225.2089,
      "total_per_cap_under18": 960.0175,
      "his_per_cap": 17.0378,
      "his_per_cap_under18": 72.6283,
      "bl_per_cap": 41.1534,
      "bl_cap_under18": 175.4282,
      "wh_per_cap": 144.5297,
      "wh_cap_under18": 616.0993,
      "ai_per_cap": 0.0747,
      "ai_per_cap_under18": 0.3183
    },
    {
      "index": 16,
      "location": "Iowa",
      "hispanic_or_latino": 416,
      "non_hispanic_american_indian": 81,
      "non_hispanic_asian_non_hispanic_native_hawaiian": "38",
      "non_hispanic_black": 626,
      "non_hispanic_multiple_race_groups": 282,
      "non_hispanic_white": 3111,
      "total": 4658,
      "total_pop": 3150011,
      "under18": 728487,
      "total_per_cap": 147.8725,
      "total_per_cap_under18": 639.4074,
      "his_per_cap": 13.2063,
      "his_per_cap_under18": 57.1047,
      "bl_per_cap": 19.8729,
      "bl_cap_under18": 85.9315,
      "wh_per_cap": 98.7616,
      "wh_cap_under18": 427.0495,
      "ai_per_cap": 2.5714,
      "ai_per_cap_under18": 11.1189
    },
    {
      "index": 17,
      "location": "Kansas",
      "hispanic_or_latino": 1021,
      "non_hispanic_american_indian": 77,
      "non_hispanic_asian_non_hispanic_native_hawaiian": "22",
      "non_hispanic_black": 1022,
      "non_hispanic_multiple_race_groups": 623,
      "non_hispanic_white": 4477,
      "total": 7242,
      "total_pop": 2912619,
      "under18": 705972,
      "total_per_cap": 248.6422,
      "total_per_cap_under18": 1025.8197,
      "his_per_cap": 35.0544,
      "his_per_cap_under18": 144.6233,
      "bl_per_cap": 35.0887,
      "bl_cap_under18": 144.7649,
      "wh_per_cap": 153.7105,
      "wh_cap_under18": 634.1611,
      "ai_per_cap": 2.6437,
      "ai_per_cap_under18": 10.9069
    },
    {
      "index": 18,
      "location": "Kentucky",
      "hispanic_or_latino": 446,
      "non_hispanic_asian_non_hispanic_native_hawaiian": "11",
      "non_hispanic_black": 975,
      "non_hispanic_multiple_race_groups": 577,
      "non_hispanic_white": 6369,
      "total": 8673,
      "total_pop": 4461952,
      "under18": 1007619,
      "total_per_cap": 194.3768,
      "total_per_cap_under18": 860.742,
      "his_per_cap": 9.9956,
      "his_per_cap_under18": 44.2628,
      "bl_per_cap": 21.8514,
      "bl_cap_under18": 96.7628,
      "wh_per_cap": 142.7402,
      "wh_cap_under18": 632.0842
    },
    {
      "index": 19,
      "location": "Louisiana",
      "hispanic_or_latino": 104,
      "non_hispanic_american_indian": 20,
      "non_hispanic_asian_non_hispanic_native_hawaiian": "6",
      "non_hispanic_black": 1386,
      "non_hispanic_multiple_race_groups": 145,
      "non_hispanic_white": 1801,
      "total": 3542,
      "total_pop": 4664616,
      "under18": 1097559,
      "total_per_cap": 75.9334,
      "total_per_cap_under18": 322.7161,
      "his_per_cap": 2.2296,
      "his_per_cap_under18": 9.4756,
      "bl_per_cap": 29.7131,
      "bl_cap_under18": 126.2802,
      "wh_per_cap": 38.6098,
      "wh_cap_under18": 164.0914,
      "ai_per_cap": 0.4288,
      "ai_per_cap_under18": 1.8222
    },
    {
      "index": 20,
      "location": "Maine",
      "hispanic_or_latino": 85,
      "non_hispanic_american_indian": 29,
      "non_hispanic_asian_non_hispanic_native_hawaiian": "4",
      "non_hispanic_black": 74,
      "non_hispanic_multiple_race_groups": 164,
      "non_hispanic_white": 1894,
      "total": 2291,
      "total_pop": 1340825,
      "under18": 250967,
      "total_per_cap": 170.865,
      "total_per_cap_under18": 912.869,
      "his_per_cap": 6.3394,
      "his_per_cap_under18": 33.869,
      "bl_per_cap": 5.519,
      "bl_cap_under18": 29.4859,
      "wh_per_cap": 141.2563,
      "wh_cap_under18": 754.6809,
      "ai_per_cap": 2.1628,
      "ai_per_cap_under18": 11.5553
    },
    {
      "index": 21,
      "location": "Maryland",
      "hispanic_or_latino": 293,
      "non_hispanic_american_indian": 4,
      "non_hispanic_asian_non_hispanic_native_hawaiian": "16",
      "non_hispanic_black": 2077,
      "non_hispanic_multiple_race_groups": 222,
      "non_hispanic_white": 985,
      "total": 3697,
      "total_pop": 6037624,
      "under18": 1340766,
      "total_per_cap": 61.2327,
      "total_per_cap_under18": 275.7379,
      "his_per_cap": 4.8529,
      "his_per_cap_under18": 21.8532,
      "bl_per_cap": 34.4009,
      "bl_cap_under18": 154.9114,
      "wh_per_cap": 16.3144,
      "wh_cap_under18": 73.4655,
      "ai_per_cap": 0.0663,
      "ai_per_cap_under18": 0.2983
    },
    {
      "index": 22,
      "location": "Massachusetts",
      "hispanic_or_latino": 3020,
      "non_hispanic_american_indian": 18,
      "non_hispanic_asian_non_hispanic_native_hawaiian": "71",
      "non_hispanic_black": 1324,
      "non_hispanic_multiple_race_groups": 845,
      "non_hispanic_white": 3752,
      "total": 9320,
      "total_pop": 6873003,
      "under18": 1361970,
      "total_per_cap": 135.603,
      "total_per_cap_under18": 684.3029,
      "his_per_cap": 43.94,
      "his_per_cap_under18": 221.7376,
      "bl_per_cap": 19.2638,
      "bl_cap_under18": 97.2121,
      "wh_per_cap": 54.5904,
      "wh_cap_under18": 275.4833,
      "ai_per_cap": 0.2619,
      "ai_per_cap_under18": 1.3216
    },
    {
      "index": 23,
      "location": "Michigan",
      "hispanic_or_latino": 850,
      "non_hispanic_american_indian": 43,
      "non_hispanic_asian_non_hispanic_native_hawaiian": "40",
      "non_hispanic_black": 3117,
      "non_hispanic_multiple_race_groups": 1424,
      "non_hispanic_white": 5184,
      "total": 10661,
      "total_pop": 9973907,
      "under18": 2161763,
      "total_per_cap": 106.8889,
      "total_per_cap_under18": 493.1623,
      "his_per_cap": 8.5222,
      "his_per_cap_under18": 39.3198,
      "bl_per_cap": 31.2515,
      "bl_cap_under18": 144.1879,
      "wh_per_cap": 51.9756,
      "wh_cap_under18": 239.8043,
      "ai_per_cap": 0.4311,
      "ai_per_cap_under18": 1.9891
    },
    {
      "index": 24,
      "location": "Minnesota",
      "hispanic_or_latino": 775,
      "non_hispanic_american_indian": 1572,
      "non_hispanic_asian_non_hispanic_native_hawaiian": "95",
      "non_hispanic_black": 1123,
      "non_hispanic_multiple_race_groups": 1470,
      "non_hispanic_white": 2626,
      "total": 7757,
      "total_pop": 5600166,
      "under18": 1299284,
      "total_per_cap": 138.5138,
      "total_per_cap_under18": 597.0211,
      "his_per_cap": 13.8389,
      "his_per_cap_under18": 59.6482,
      "bl_per_cap": 20.053,
      "bl_cap_under18": 86.4322,
      "wh_per_cap": 46.8915,
      "wh_cap_under18": 202.1113,
      "ai_per_cap": 28.0706,
      "ai_per_cap_under18": 120.9897
    },
    {
      "index": 25,
      "location": "Mississippi",
      "hispanic_or_latino": 113,
      "non_hispanic_american_indian": 6,
      "non_hispanic_asian_non_hispanic_native_hawaiian": "7",
      "non_hispanic_black": 1357,
      "non_hispanic_multiple_race_groups": 119,
      "non_hispanic_white": 1925,
      "total": 3594,
      "total_pop": 2981835,
      "under18": 707221,
      "total_per_cap": 120.5298,
      "total_per_cap_under18": 508.1863,
      "his_per_cap": 3.7896,
      "his_per_cap_under18": 15.978,
      "bl_per_cap": 45.5089,
      "bl_cap_under18": 191.8778,
      "wh_per_cap": 64.5576,
      "wh_cap_under18": 272.1921,
      "ai_per_cap": 0.2012,
      "ai_per_cap_under18": 0.8484
    },
    {
      "index": 26,
      "location": "Missouri",
      "hispanic_or_latino": 1100,
      "non_hispanic_american_indian": 62,
      "non_hispanic_asian_non_hispanic_native_hawaiian": "36",
      "non_hispanic_black": 2270,
      "non_hispanic_multiple_race_groups": 225,
      "non_hispanic_white": 8157,
      "total": 12650,
      "total_pop": 6124160,
      "under18": 1379423,
      "total_per_cap": 206.5589,
      "total_per_cap_under18": 917.0501,
      "his_per_cap": 17.9616,
      "his_per_cap_under18": 79.7435,
      "bl_per_cap": 37.0663,
      "bl_cap_under18": 164.5616,
      "wh_per_cap": 133.1938,
      "wh_cap_under18": 591.3342,
      "ai_per_cap": 1.0124,
      "ai_per_cap_under18": 4.4946
    },
    {
      "index": 27,
      "location": "Montana",
      "hispanic_or_latino": 214,
      "non_hispanic_american_indian": 1201,
      "non_hispanic_asian_non_hispanic_native_hawaiian": "4",
      "non_hispanic_black": 34,
      "non_hispanic_multiple_race_groups": 301,
      "non_hispanic_white": 1609,
      "total": 3397,
      "total_pop": 1061705,
      "under18": 228589,
      "total_per_cap": 319.9571,
      "total_per_cap_under18": 1486.0733,
      "his_per_cap": 20.1563,
      "his_per_cap_under18": 93.6178,
      "bl_per_cap": 3.2024,
      "bl_cap_under18": 14.8739,
      "wh_per_cap": 151.5487,
      "wh_cap_under18": 703.8834,
      "ai_per_cap": 113.1199,
      "ai_per_cap_under18": 525.3971
    },
    {
      "index": 28,
      "location": "Nebraska",
      "hispanic_or_latino": 664,
      "non_hispanic_american_indian": 154,
      "non_hispanic_asian_non_hispanic_native_hawaiian": "31",
      "non_hispanic_black": 666,
      "non_hispanic_multiple_race_groups": 307,
      "non_hispanic_white": 1714,
      "total": 3601,
      "total_pop": 1923826,
      "under18": 475103,
      "total_per_cap": 187.1791,
      "total_per_cap_under18": 757.9409,
      "his_per_cap": 34.5146,
      "his_per_cap_under18": 139.7592,
      "bl_per_cap": 34.6185,
      "bl_cap_under18": 140.1801,
      "wh_per_cap": 89.0933,
      "wh_cap_under18": 360.7639,
      "ai_per_cap": 8.0049,
      "ai_per_cap_under18": 32.414
    },
    {
      "index": 29,
      "location": "Nevada",
      "hispanic_or_latino": 1137,
      "non_hispanic_american_indian": 29,
      "non_hispanic_asian_non_hispanic_native_hawaiian": "71",
      "non_hispanic_black": 1113,
      "non_hispanic_multiple_race_groups": 317,
      "non_hispanic_white": 1672,
      "total": 4372,
      "total_pop": 3030281,
      "under18": 687513,
      "total_per_cap": 144.277,
      "total_per_cap_under18": 635.9152,
      "his_per_cap": 37.5213,
      "his_per_cap_under18": 165.3787,
      "bl_per_cap": 36.7293,
      "bl_cap_under18": 161.8878,
      "wh_per_cap": 55.1764,
      "wh_cap_under18": 243.1954,
      "ai_per_cap": 0.957,
      "ai_per_cap_under18": 4.2181
    },
    {
      "index": 30,
      "location": "New Hampshire",
      "hispanic_or_latino": 101,
      "non_hispanic_american_indian": 1,
      "non_hispanic_asian_non_hispanic_native_hawaiian": "4",
      "non_hispanic_black": 41,
      "non_hispanic_multiple_race_groups": 44,
      "non_hispanic_white": 865,
      "total": 1184,
      "total_pop": 1355244,
      "under18": 257731,
      "total_per_cap": 87.3643,
      "total_per_cap_under18": 459.3937,
      "his_per_cap": 7.4525,
      "his_per_cap_under18": 39.1881,
      "bl_per_cap": 3.0253,
      "bl_cap_under18": 15.9081,
      "wh_per_cap": 63.8261,
      "wh_cap_under18": 335.6212,
      "ai_per_cap": 0.0738,
      "ai_per_cap_under18": 0.388
    },
    {
      "index": 31,
      "location": "New Jersey",
      "hispanic_or_latino": 938,
      "non_hispanic_asian_non_hispanic_native_hawaiian": "29",
      "non_hispanic_black": 1574,
      "non_hispanic_multiple_race_groups": 198,
      "non_hispanic_white": 1039,
      "total": 3788,
      "total_pop": 8885418,
      "under18": 1953453,
      "total_per_cap": 42.6316,
      "total_per_cap_under18": 193.913,
      "his_per_cap": 10.5566,
      "his_per_cap_under18": 48.0175,
      "bl_per_cap": 17.7144,
      "bl_cap_under18": 80.5753,
      "wh_per_cap": 11.6933,
      "wh_cap_under18": 53.1879
    },
    {
      "index": 32,
      "location": "New Mexico",
      "hispanic_or_latino": 1352,
      "non_hispanic_american_indian": 160,
      "non_hispanic_asian_non_hispanic_native_hawaiian": "2",
      "non_hispanic_black": 102,
      "non_hispanic_multiple_race_groups": 58,
      "non_hispanic_white": 417,
      "total": 2117,
      "total_pop": 2097021,
      "under18": 483454,
      "total_per_cap": 100.9527,
      "total_per_cap_under18": 437.8907,
      "his_per_cap": 64.4724,
      "his_per_cap_under18": 279.6543,
      "bl_per_cap": 4.864,
      "bl_cap_under18": 21.0982,
      "wh_per_cap": 19.8854,
      "wh_cap_under18": 86.2543,
      "ai_per_cap": 7.6299,
      "ai_per_cap_under18": 33.0952
    },
    {
      "index": 33,
      "location": "New York",
      "hispanic_or_latino": 4027,
      "non_hispanic_american_indian": 41,
      "non_hispanic_asian_non_hispanic_native_hawaiian": "187",
      "non_hispanic_black": 6051,
      "non_hispanic_multiple_race_groups": 1170,
      "non_hispanic_white": 3976,
      "total": 15485,
      "total_pop": 19514849,
      "under18": 4071142,
      "total_per_cap": 79.3498,
      "total_per_cap_under18": 380.3601,
      "his_per_cap": 20.6356,
      "his_per_cap_under18": 98.9157,
      "bl_per_cap": 31.0072,
      "bl_cap_under18": 148.6315,
      "wh_per_cap": 20.3742,
      "wh_cap_under18": 97.663,
      "ai_per_cap": 0.2101,
      "ai_per_cap_under18": 1.0071
    },
    {
      "index": 34,
      "location": "North Carolina",
      "hispanic_or_latino": 911,
      "non_hispanic_american_indian": 265,
      "non_hispanic_asian_non_hispanic_native_hawaiian": "29",
      "non_hispanic_black": 3126,
      "non_hispanic_multiple_race_groups": 688,
      "non_hispanic_white": 5416,
      "total": 10627,
      "total_pop": 10386227,
      "under18": 2301596,
      "total_per_cap": 102.3182,
      "total_per_cap_under18": 461.7231,
      "his_per_cap": 8.7712,
      "his_per_cap_under18": 39.5812,
      "bl_per_cap": 30.0976,
      "bl_cap_under18": 135.8188,
      "wh_per_cap": 52.146,
      "wh_cap_under18": 235.315,
      "ai_per_cap": 2.5515,
      "ai_per_cap_under18": 11.5137
    },
    {
      "index": 35,
      "location": "North Dakota",
      "hispanic_or_latino": 67,
      "non_hispanic_american_indian": 641,
      "non_hispanic_asian_non_hispanic_native_hawaiian": "15",
      "non_hispanic_black": 72,
      "non_hispanic_multiple_race_groups": 121,
      "non_hispanic_white": 582,
      "total": 1556,
      "total_pop": 760394,
      "under18": 178029,
      "total_per_cap": 204.6308,
      "total_per_cap_under18": 874.0149,
      "his_per_cap": 8.8112,
      "his_per_cap_under18": 37.6343,
      "bl_per_cap": 9.4688,
      "bl_cap_under18": 40.4428,
      "wh_per_cap": 76.5393,
      "wh_cap_under18": 326.913,
      "ai_per_cap": 84.2984,
      "ai_per_cap_under18": 360.0537
    },
    {
      "index": 36,
      "location": "Ohio",
      "hispanic_or_latino": 951,
      "non_hispanic_american_indian": 10,
      "non_hispanic_asian_non_hispanic_native_hawaiian": "43",
      "non_hispanic_black": 4760,
      "non_hispanic_multiple_race_groups": 2065,
      "non_hispanic_white": 8123,
      "total": 15974,
      "total_pop": 11675275,
      "under18": 2593988,
      "total_per_cap": 136.819,
      "total_per_cap_under18": 615.8086,
      "his_per_cap": 8.1454,
      "his_per_cap_under18": 36.6617,
      "bl_per_cap": 40.7699,
      "bl_cap_under18": 183.5012,
      "wh_per_cap": 69.5744,
      "wh_cap_under18": 313.1472,
      "ai_per_cap": 0.0857,
      "ai_per_cap_under18": 0.3855
    },
    {
      "index": 37,
      "location": "Oklahoma",
      "hispanic_or_latino": 1443,
      "non_hispanic_american_indian": 734,
      "non_hispanic_asian_non_hispanic_native_hawaiian": "12",
      "non_hispanic_black": 696,
      "non_hispanic_multiple_race_groups": 2165,
      "non_hispanic_white": 3002,
      "total": 8052,
      "total_pop": 3949342,
      "under18": 956370,
      "total_per_cap": 203.8821,
      "total_per_cap_under18": 841.9336,
      "his_per_cap": 36.5377,
      "his_per_cap_under18": 150.883,
      "bl_per_cap": 17.6232,
      "bl_cap_under18": 72.7752,
      "wh_per_cap": 76.0127,
      "wh_cap_under18": 313.8952,
      "ai_per_cap": 18.5854,
      "ai_per_cap_under18": 76.7485
    },
    {
      "index": 38,
      "location": "Oregon",
      "hispanic_or_latino": 1148,
      "non_hispanic_american_indian": 258,
      "non_hispanic_asian_non_hispanic_native_hawaiian": "63",
      "non_hispanic_black": 294,
      "non_hispanic_multiple_race_groups": 542,
      "non_hispanic_white": 3606,
      "total": 5994,
      "total_pop": 4176346,
      "under18": 867076,
      "total_per_cap": 143.5226,
      "total_per_cap_under18": 691.2889,
      "his_per_cap": 27.4881,
      "his_per_cap_under18": 132.399,
      "bl_per_cap": 7.0396,
      "bl_cap_under18": 33.9071,
      "wh_per_cap": 86.3434,
      "wh_cap_under18": 415.8805,
      "ai_per_cap": 6.1776,
      "ai_per_cap_under18": 29.7552
    },
    {
      "index": 39,
      "location": "Pennsylvania",
      "hispanic_or_latino": 1871,
      "non_hispanic_american_indian": 5,
      "non_hispanic_asian_non_hispanic_native_hawaiian": "57",
      "non_hispanic_black": 5040,
      "non_hispanic_multiple_race_groups": 1184,
      "non_hispanic_white": 6001,
      "total": 14354,
      "total_pop": 12794885,
      "under18": 2649582,
      "total_per_cap": 112.1855,
      "total_per_cap_under18": 541.7458,
      "his_per_cap": 14.623,
      "his_per_cap_under18": 70.6149,
      "bl_per_cap": 39.3907,
      "bl_cap_under18": 190.2187,
      "wh_per_cap": 46.9016,
      "wh_cap_under18": 226.4886,
      "ai_per_cap": 0.0391,
      "ai_per_cap_under18": 0.1887
    },
    {
      "index": 40,
      "location": "Puerto Rico",
      "hispanic_or_latino": 2088,
      "non_hispanic_asian_non_hispanic_native_hawaiian": "N.R.",
      "non_hispanic_black": 14,
      "non_hispanic_multiple_race_groups": 1,
      "non_hispanic_white": 57,
      "total": 2259,
      "total_pop": 1057798,
      "under18": 205444,
      "total_per_cap": 213.5568,
      "total_per_cap_under18": 1099.5697,
      "his_per_cap": 197.3912,
      "his_per_cap_under18": 1016.3354,
      "bl_per_cap": 1.3235,
      "bl_cap_under18": 6.8145,
      "wh_per_cap": 5.3886,
      "wh_cap_under18": 27.7448
    },
    {
      "index": 41,
      "location": "Rhode Island",
      "hispanic_or_latino": 564,
      "non_hispanic_american_indian": 4,
      "non_hispanic_asian_non_hispanic_native_hawaiian": "18",
      "non_hispanic_black": 314,
      "non_hispanic_multiple_race_groups": 224,
      "non_hispanic_white": 1002,
      "total": 2140,
      "total_pop": 5091517,
      "under18": 1108605,
      "total_per_cap": 42.0307,
      "total_per_cap_under18": 193.0354,
      "his_per_cap": 11.0772,
      "his_per_cap_under18": 50.8747,
      "bl_per_cap": 6.1671,
      "bl_cap_under18": 28.3239,
      "wh_per_cap": 19.6798,
      "wh_cap_under18": 90.3839,
      "ai_per_cap": 0.0786,
      "ai_per_cap_under18": 0.3608
    },
    {
      "index": 42,
      "location": "South Carolina",
      "hispanic_or_latino": 242,
      "non_hispanic_american_indian": 4,
      "non_hispanic_asian_non_hispanic_native_hawaiian": "7",
      "non_hispanic_black": 1344,
      "non_hispanic_multiple_race_groups": 186,
      "non_hispanic_white": 2078,
      "total": 4067,
      "total_pop": 879336,
      "under18": 215747,
      "total_per_cap": 462.5081,
      "total_per_cap_under18": 1885.0784,
      "his_per_cap": 27.5208,
      "his_per_cap_under18": 112.1684,
      "bl_per_cap": 152.8426,
      "bl_cap_under18": 622.9519,
      "wh_per_cap": 236.3147,
      "wh_cap_under18": 963.1652,
      "ai_per_cap": 0.4549,
      "ai_per_cap_under18": 1.854
    },
    {
      "index": 43,
      "location": "South Dakota",
      "hispanic_or_latino": 90,
      "non_hispanic_american_indian": 890,
      "non_hispanic_asian_non_hispanic_native_hawaiian": "4",
      "non_hispanic_black": 50,
      "non_hispanic_multiple_race_groups": 247,
      "non_hispanic_white": 402,
      "total": 1683,
      "total_pop": 6772268,
      "under18": 1507890,
      "total_per_cap": 24.8513,
      "total_per_cap_under18": 111.6129,
      "his_per_cap": 1.3289,
      "his_per_cap_under18": 5.9686,
      "bl_per_cap": 0.7383,
      "bl_cap_under18": 3.3159,
      "wh_per_cap": 5.936,
      "wh_cap_under18": 26.6598,
      "ai_per_cap": 13.1418,
      "ai_per_cap_under18": 59.0229
    },
    {
      "index": 44,
      "location": "Tennessee",
      "hispanic_or_latino": 518,
      "non_hispanic_american_indian": 10,
      "non_hispanic_asian_non_hispanic_native_hawaiian": "30",
      "non_hispanic_black": 2015,
      "non_hispanic_multiple_race_groups": 558,
      "non_hispanic_white": 5576,
      "total": 8757,
      "total_pop": 28635442,
      "under18": 7381482,
      "total_per_cap": 30.581,
      "total_per_cap_under18": 118.6347,
      "his_per_cap": 1.8089,
      "his_per_cap_under18": 7.0176,
      "bl_per_cap": 7.0367,
      "bl_cap_under18": 27.298,
      "wh_per_cap": 19.4724,
      "wh_cap_under18": 75.5404,
      "ai_per_cap": 0.0349,
      "ai_per_cap_under18": 0.1355
    },
    {
      "index": 45,
      "location": "Texas",
      "hispanic_or_latino": 12458,
      "non_hispanic_american_indian": 47,
      "non_hispanic_asian_non_hispanic_native_hawaiian": "114",
      "non_hispanic_black": 6720,
      "non_hispanic_multiple_race_groups": 1520,
      "non_hispanic_white": 8854,
      "total": 29966,
      "total_pop": 3151239,
      "under18": 927569,
      "total_per_cap": 950.9276,
      "total_per_cap_under18": 3230.5952,
      "his_per_cap": 395.3366,
      "his_per_cap_under18": 1343.0807,
      "bl_per_cap": 213.2495,
      "bl_cap_under18": 724.4744,
      "wh_per_cap": 280.9689,
      "wh_cap_under18": 954.5382,
      "ai_per_cap": 1.4915,
      "ai_per_cap_under18": 5.067
    },
    {
      "index": 46,
      "location": "Utah",
      "hispanic_or_latino": 582,
      "non_hispanic_american_indian": 69,
      "non_hispanic_asian_non_hispanic_native_hawaiian": "37",
      "non_hispanic_black": 105,
      "non_hispanic_multiple_race_groups": 133,
      "non_hispanic_white": 1441,
      "total": 2373,
      "total_pop": 624340,
      "under18": 115632,
      "total_per_cap": 380.0814,
      "total_per_cap_under18": 2052.2001,
      "his_per_cap": 93.2184,
      "his_per_cap_under18": 503.3209,
      "bl_per_cap": 16.8178,
      "bl_cap_under18": 90.8053,
      "wh_per_cap": 230.8037,
      "wh_cap_under18": 1246.1948,
      "ai_per_cap": 11.0517,
      "ai_per_cap_under18": 59.6721
    },
    {
      "index": 47,
      "location": "Vermont",
      "hispanic_or_latino": 26,
      "non_hispanic_asian_non_hispanic_native_hawaiian": "7",
      "non_hispanic_black": 42,
      "non_hispanic_multiple_race_groups": 13,
      "non_hispanic_white": 989,
      "total": 1078,
      "total_pop": 8509358,
      "under18": 1868597,
      "total_per_cap": 12.6684,
      "total_per_cap_under18": 57.6903,
      "his_per_cap": 0.3055,
      "his_per_cap_under18": 1.3914,
      "bl_per_cap": 0.4936,
      "bl_cap_under18": 2.2477,
      "wh_per_cap": 11.6225,
      "wh_cap_under18": 52.9274
    },
    {
      "index": 48,
      "location": "Virginia",
      "hispanic_or_latino": 508,
      "non_hispanic_american_indian": 3,
      "non_hispanic_asian_non_hispanic_native_hawaiian": "38",
      "non_hispanic_black": 1260,
      "non_hispanic_multiple_race_groups": 469,
      "non_hispanic_white": 2439,
      "total": 4773,
      "total_pop": 7512465,
      "under18": 1653469,
      "total_per_cap": 63.5344,
      "total_per_cap_under18": 288.6658,
      "his_per_cap": 6.7621,
      "his_per_cap_under18": 30.7233,
      "bl_per_cap": 16.7721,
      "bl_cap_under18": 76.2034,
      "wh_per_cap": 32.466,
      "wh_cap_under18": 147.5081,
      "ai_per_cap": 0.0399,
      "ai_per_cap_under18": 0.1814
    },
    {
      "index": 49,
      "location": "Washington",
      "hispanic_or_latino": 1962,
      "non_hispanic_american_indian": 403,
      "non_hispanic_asian_non_hispanic_native_hawaiian": "182",
      "non_hispanic_black": 805,
      "non_hispanic_multiple_race_groups": 1659,
      "non_hispanic_white": 4584,
      "total": 9601,
      "total_pop": 1807426,
      "under18": 365217,
      "total_per_cap": 531.1974,
      "total_per_cap_under18": 2628.8481,
      "his_per_cap": 108.5522,
      "his_per_cap_under18": 537.2149,
      "bl_per_cap": 44.5385,
      "bl_cap_under18": 220.4169,
      "wh_per_cap": 253.6203,
      "wh_cap_under18": 1255.1442,
      "ai_per_cap": 22.2969,
      "ai_per_cap_under18": 110.3454
    },
    {
      "index": 50,
      "location": "West Virginia",
      "hispanic_or_latino": 77,
      "non_hispanic_american_indian": 1,
      "non_hispanic_asian_non_hispanic_native_hawaiian": "9",
      "non_hispanic_black": 230,
      "non_hispanic_multiple_race_groups": 515,
      "non_hispanic_white": 6482,
      "total": 7334,
      "total_pop": 5806975,
      "under18": 1274321,
      "total_per_cap": 126.2964,
      "total_per_cap_under18": 575.5222,
      "his_per_cap": 1.326,
      "his_per_cap_under18": 6.0424,
      "bl_per_cap": 3.9608,
      "bl_cap_under18": 18.0488,
      "wh_per_cap": 111.6244,
      "wh_cap_under18": 508.663,
      "ai_per_cap": 0.0172,
      "ai_per_cap_under18": 0.0785
    },
    {
      "index": 51,
      "location": "Wisconsin",
      "hispanic_or_latino": 733,
      "non_hispanic_american_indian": 486,
      "non_hispanic_asian_non_hispanic_native_hawaiian": "83",
      "non_hispanic_black": 2038,
      "non_hispanic_multiple_race_groups": 378,
      "non_hispanic_white": 3253,
      "total": 7091,
      "total_pop": 581348,
      "under18": 134800,
      "total_per_cap": 1219.7513,
      "total_per_cap_under18": 5260.3858,
      "his_per_cap": 126.0863,
      "his_per_cap_under18": 543.7685,
      "bl_per_cap": 350.5645,
      "bl_cap_under18": 1511.8694,
      "wh_per_cap": 559.5616,
      "wh_cap_under18": 2413.2047,
      "ai_per_cap": 83.5988,
      "ai_per_cap_under18": 360.5341
    },
    {
      "index": 52,
      "location": "Wyoming",
      "hispanic_or_latino": 126,
      "non_hispanic_american_indian": 26,
      "non_hispanic_asian_non_hispanic_native_hawaiian": "2",
      "non_hispanic_black": 39,
      "non_hispanic_multiple_race_groups": 11,
      "non_hispanic_white": 599,
      "total": 815,
      "total_pop": 3255642,
      "under18": 611160,
      "total_per_cap": 25.0335,
      "total_per_cap_under18": 133.353,
      "his_per_cap": 3.8702,
      "his_per_cap_under18": 20.6165,
      "bl_per_cap": 1.1979,
      "bl_cap_under18": 6.3813,
      "wh_per_cap": 18.3988,
      "wh_cap_under18": 98.0103,
      "ai_per_cap": 0.7986,
      "ai_per_cap_under18": 4.2542
    }
  ] 